<?xml version="1.0" encoding="UTF-8"?>
<config date="1618293644108" transient="false">
	<site updateable="true" url="platform:/base/" enabled="true" policy="USER-EXCLUDE">
		<feature id="org.eclipse.ecf.filetransfer.ssl.feature" version="1.1.100.v20180301-0132" url="features/org.eclipse.ecf.filetransfer.ssl.feature_1.1.100.v20180301-0132/">
		</feature>
		<feature id="org.eclipse.ecf.core.feature" version="1.5.3.v20181012-2020" url="features/org.eclipse.ecf.core.feature_1.5.3.v20181012-2020/">
		</feature>
		<feature id="org.eclipse.ecf.filetransfer.httpclient4.ssl.feature" version="1.1.100.v20180301-0132" url="features/org.eclipse.ecf.filetransfer.httpclient4.ssl.feature_1.1.100.v20180301-0132/">
		</feature>
		<feature id="org.eclipse.e4.rcp" version="1.6.400.v20190305-0602" url="features/org.eclipse.e4.rcp_1.6.400.v20190305-0602/">
		</feature>
		<feature id="com.sec.aronia.feature" version="1.0.0.202104130600" url="features/com.sec.aronia.feature_1.0.0.202104130600/">
		</feature>
		<feature id="org.eclipse.ecf.filetransfer.httpclient4.feature" version="3.14.4.v20181013-2146" url="features/org.eclipse.ecf.filetransfer.httpclient4.feature_3.14.4.v20181013-2146/">
		</feature>
		<feature id="org.eclipse.equinox.p2.core.feature" version="1.6.100.v20190218-2100" url="features/org.eclipse.equinox.p2.core.feature_1.6.100.v20190218-2100/">
		</feature>
		<feature id="org.eclipse.emf.common" version="2.15.0.v20181220-0846" url="features/org.eclipse.emf.common_2.15.0.v20181220-0846/">
		</feature>
		<feature id="org.eclipse.emf.ecore" version="2.17.0.v20190116-0940" url="features/org.eclipse.emf.ecore_2.17.0.v20190116-0940/">
		</feature>
		<feature id="org.eclipse.ecf.core.ssl.feature" version="1.1.100.v20180301-0201" url="features/org.eclipse.ecf.core.ssl.feature_1.1.100.v20180301-0201/">
		</feature>
		<feature id="org.eclipse.ecf.filetransfer.feature" version="3.14.4.v20181013-2146" url="features/org.eclipse.ecf.filetransfer.feature_3.14.4.v20181013-2146/">
		</feature>
	</site>
</config>
