<?xml version='1.0' encoding='UTF-8'?>
<?artifactRepository version='1.1.0'?>
<repository name='Bundle pool' type='org.eclipse.equinox.p2.artifact.repository.simpleRepository' version='1'>
  <properties size='2'>
    <property name='p2.system' value='true'/>
    <property name='p2.timestamp' value='1618293642078'/>
  </properties>
  <mappings size='3'>
    <rule filter='(&amp; (classifier=osgi.bundle))' output='${repoUrl}/plugins/${id}_${version}.jar'/>
    <rule filter='(&amp; (classifier=binary))' output='${repoUrl}/binary/${id}_${version}'/>
    <rule filter='(&amp; (classifier=org.eclipse.update.feature))' output='${repoUrl}/features/${id}_${version}.jar'/>
  </mappings>
  <artifacts size='122'>
    <artifact classifier='osgi.bundle' id='javax.annotation' version='1.2.0.v201602091430'>
      <properties size='1'>
        <property name='download.size' value='29148'/>
      </properties>
    </artifact>
    <artifact classifier='osgi.bundle' id='org.apache.batik.constants' version='1.10.0.v20180703-1553'>
      <properties size='1'>
        <property name='download.size' value='20823'/>
      </properties>
    </artifact>
    <artifact classifier='org.eclipse.update.feature' id='org.eclipse.ecf.filetransfer.feature' version='3.14.4.v20181013-2146'>
      <properties size='1'>
        <property name='download.size' value='27450'/>
      </properties>
      <repositoryProperties size='1'>
        <property name='artifact.folder' value='true'/>
      </repositoryProperties>
    </artifact>
    <artifact classifier='osgi.bundle' id='org.eclipse.equinox.event' version='1.5.0.v20181008-1938'>
      <properties size='1'>
        <property name='download.size' value='35553'/>
      </properties>
    </artifact>
    <artifact classifier='osgi.bundle' id='org.eclipse.e4.ui.css.swt.theme' version='0.12.200.v20190212-2214'>
      <properties size='1'>
        <property name='download.size' value='28939'/>
      </properties>
    </artifact>
    <artifact classifier='osgi.bundle' id='org.eclipse.equinox.p2.garbagecollector' version='1.1.100.v20180822-1302'>
      <properties size='1'>
        <property name='download.size' value='25665'/>
      </properties>
    </artifact>
    <artifact classifier='osgi.bundle' id='org.eclipse.e4.ui.dialogs' version='1.1.400.v20190214-1309'>
      <properties size='1'>
        <property name='download.size' value='46169'/>
      </properties>
    </artifact>
    <artifact classifier='osgi.bundle' id='org.eclipse.osgi' version='3.13.300.v20190218-1622'>
      <properties size='1'>
        <property name='download.size' value='1448385'/>
      </properties>
    </artifact>
    <artifact classifier='osgi.bundle' id='org.eclipse.core.databinding' version='1.7.200.v20190216-1545'>
      <properties size='1'>
        <property name='download.size' value='188247'/>
      </properties>
    </artifact>
    <artifact classifier='osgi.bundle' id='org.eclipse.e4.ui.workbench.renderers.swt' version='0.14.500.v20190220-1002'>
      <properties size='1'>
        <property name='download.size' value='251499'/>
      </properties>
    </artifact>
    <artifact classifier='osgi.bundle' id='org.eclipse.equinox.app' version='1.4.100.v20190215-2139'>
      <properties size='1'>
        <property name='download.size' value='88355'/>
      </properties>
    </artifact>
    <artifact classifier='osgi.bundle' id='org.eclipse.equinox.p2.repository' version='2.4.300.v20190215-2242'>
      <properties size='1'>
        <property name='download.size' value='141823'/>
      </properties>
    </artifact>
    <artifact classifier='osgi.bundle' id='org.apache.batik.i18n' version='1.10.0.v20180703-1553'>
      <properties size='1'>
        <property name='download.size' value='24036'/>
      </properties>
    </artifact>
    <artifact classifier='org.eclipse.update.feature' id='org.eclipse.emf.ecore' version='2.17.0.v20190116-0940'>
      <properties size='1'>
        <property name='download.size' value='19590'/>
      </properties>
      <repositoryProperties size='1'>
        <property name='artifact.folder' value='true'/>
      </repositoryProperties>
    </artifact>
    <artifact classifier='osgi.bundle' id='org.sat4j.core' version='2.3.5.v201308161310'>
      <properties size='1'>
        <property name='download.size' value='362968'/>
      </properties>
    </artifact>
    <artifact classifier='osgi.bundle' id='org.apache.commons.logging' version='1.2.0.v20180409-1502'>
      <properties size='1'>
        <property name='download.size' value='73163'/>
      </properties>
    </artifact>
    <artifact classifier='osgi.bundle' id='org.eclipse.core.databinding.beans' version='1.4.400.v20190131-1604'>
      <properties size='1'>
        <property name='download.size' value='79473'/>
      </properties>
    </artifact>
    <artifact classifier='osgi.bundle' id='com.sec.aronia' version='1.0.0.202104130600'>
      <properties size='1'>
        <property name='download.size' value='290034'/>
      </properties>
    </artifact>
    <artifact classifier='osgi.bundle' id='org.eclipse.ecf.filetransfer' version='5.0.100.v20180301-0132'>
      <properties size='1'>
        <property name='download.size' value='53281'/>
      </properties>
    </artifact>
    <artifact classifier='osgi.bundle' id='org.eclipse.ecf.provider.filetransfer.ssl' version='1.0.100.v20180301-0132'>
      <properties size='1'>
        <property name='download.size' value='9929'/>
      </properties>
    </artifact>
    <artifact classifier='osgi.bundle' id='org.eclipse.core.databinding.property' version='1.6.400.v20190215-1957'>
      <properties size='1'>
        <property name='download.size' value='165317'/>
      </properties>
    </artifact>
    <artifact classifier='osgi.bundle' id='org.eclipse.equinox.p2.operations' version='2.5.300.v20190202-1801'>
      <properties size='1'>
        <property name='download.size' value='75963'/>
      </properties>
    </artifact>
    <artifact classifier='osgi.bundle' id='org.eclipse.equinox.p2.core' version='2.6.0.v20190215-2242'>
      <properties size='1'>
        <property name='download.size' value='76692'/>
      </properties>
    </artifact>
    <artifact classifier='osgi.bundle' id='org.eclipse.equinox.p2.metadata' version='2.4.300.v20190215-2242'>
      <properties size='1'>
        <property name='download.size' value='360100'/>
      </properties>
    </artifact>
    <artifact classifier='osgi.bundle' id='org.w3c.dom.svg' version='1.1.0.v201011041433'>
      <properties size='1'>
        <property name='download.size' value='97545'/>
      </properties>
    </artifact>
    <artifact classifier='osgi.bundle' id='org.eclipse.equinox.p2.touchpoint.natives' version='1.3.200.v20180921-1019'>
      <properties size='1'>
        <property name='download.size' value='79269'/>
      </properties>
    </artifact>
    <artifact classifier='osgi.bundle' id='org.eclipse.e4.ui.bindings' version='0.12.400.v20190131-1604'>
      <properties size='1'>
        <property name='download.size' value='46063'/>
      </properties>
    </artifact>
    <artifact classifier='osgi.bundle' id='org.eclipse.e4.ui.workbench.swt' version='0.14.500.v20190214-0851'>
      <properties size='1'>
        <property name='download.size' value='175042'/>
      </properties>
    </artifact>
    <artifact classifier='osgi.bundle' id='com.ibm.icu' version='63.1.0.v20181030-1705'>
      <properties size='1'>
        <property name='download.size' value='13067496'/>
      </properties>
    </artifact>
    <artifact classifier='org.eclipse.update.feature' id='org.eclipse.ecf.core.ssl.feature' version='1.1.100.v20180301-0201'>
      <properties size='1'>
        <property name='download.size' value='19138'/>
      </properties>
      <repositoryProperties size='1'>
        <property name='artifact.folder' value='true'/>
      </repositoryProperties>
    </artifact>
    <artifact classifier='osgi.bundle' id='org.eclipse.swt.win32.win32.x86_64' version='3.110.0.v20190305-0602'>
      <properties size='1'>
        <property name='download.size' value='2445585'/>
      </properties>
    </artifact>
    <artifact classifier='osgi.bundle' id='org.eclipse.ecf.ssl' version='1.2.100.v20180301-0132'>
      <properties size='1'>
        <property name='download.size' value='14832'/>
      </properties>
    </artifact>
    <artifact classifier='osgi.bundle' id='org.eclipse.e4.ui.widgets' version='1.2.300.v20180920-1522'>
      <properties size='1'>
        <property name='download.size' value='13471'/>
      </properties>
    </artifact>
    <artifact classifier='osgi.bundle' id='org.eclipse.equinox.p2.console' version='1.1.100.v20180822-1258'>
      <properties size='1'>
        <property name='download.size' value='28636'/>
      </properties>
    </artifact>
    <artifact classifier='osgi.bundle' id='org.apache.commons.jxpath' version='1.3.0.v200911051830'>
      <properties size='1'>
        <property name='download.size' value='315491'/>
      </properties>
    </artifact>
    <artifact classifier='osgi.bundle' id='org.eclipse.equinox.common' version='3.10.300.v20190218-2100'>
      <properties size='1'>
        <property name='download.size' value='122343'/>
      </properties>
    </artifact>
    <artifact classifier='org.eclipse.update.feature' id='org.eclipse.e4.rcp' version='1.6.400.v20190305-0602'>
      <properties size='1'>
        <property name='download.size' value='21313'/>
      </properties>
      <repositoryProperties size='1'>
        <property name='artifact.folder' value='true'/>
      </repositoryProperties>
    </artifact>
    <artifact classifier='osgi.bundle' id='org.eclipse.jface' version='3.15.100.v20190222-1334'>
      <properties size='1'>
        <property name='download.size' value='1103081'/>
      </properties>
    </artifact>
    <artifact classifier='osgi.bundle' id='org.eclipse.equinox.p2.jarprocessor' version='1.1.200.v20180921-1009'>
      <properties size='1'>
        <property name='download.size' value='73535'/>
      </properties>
    </artifact>
    <artifact classifier='osgi.bundle' id='org.apache.felix.gogo.command' version='1.0.2.v20170914-1324'>
      <properties size='1'>
        <property name='download.size' value='58232'/>
      </properties>
    </artifact>
    <artifact classifier='osgi.bundle' id='org.eclipse.equinox.simpleconfigurator.manipulator' version='2.1.200.v20181123-1405'>
      <properties size='1'>
        <property name='download.size' value='26672'/>
      </properties>
    </artifact>
    <artifact classifier='osgi.bundle' id='org.apache.commons.io' version='2.6.0.v20190123-2029'>
      <properties size='1'>
        <property name='download.size' value='232616'/>
      </properties>
    </artifact>
    <artifact classifier='osgi.bundle' id='org.eclipse.core.commands' version='3.9.300.v20190215-1957'>
      <properties size='1'>
        <property name='download.size' value='116970'/>
      </properties>
    </artifact>
    <artifact classifier='osgi.bundle' id='org.eclipse.ecf.provider.filetransfer.httpclient4' version='1.1.300.v20180301-0132'>
      <properties size='1'>
        <property name='download.size' value='75556'/>
      </properties>
    </artifact>
    <artifact classifier='osgi.bundle' id='org.eclipse.e4.core.contexts' version='1.8.0.v20190214-1713'>
      <properties size='1'>
        <property name='download.size' value='48555'/>
      </properties>
    </artifact>
    <artifact classifier='org.eclipse.update.feature' id='org.eclipse.ecf.core.feature' version='1.5.3.v20181012-2020'>
      <properties size='1'>
        <property name='download.size' value='19178'/>
      </properties>
      <repositoryProperties size='1'>
        <property name='artifact.folder' value='true'/>
      </repositoryProperties>
    </artifact>
    <artifact classifier='osgi.bundle' id='org.tukaani.xz' version='1.8.0.v20180207-1613'>
      <properties size='1'>
        <property name='download.size' value='128232'/>
      </properties>
    </artifact>
    <artifact classifier='osgi.bundle' id='org.apache.batik.util' version='1.10.0.v20180703-1553'>
      <properties size='1'>
        <property name='download.size' value='147601'/>
      </properties>
    </artifact>
    <artifact classifier='osgi.bundle' id='org.eclipse.e4.ui.model.workbench' version='2.1.300.v20190213-1544'>
      <properties size='1'>
        <property name='download.size' value='395414'/>
      </properties>
    </artifact>
    <artifact classifier='osgi.bundle' id='org.eclipse.osgi.util' version='3.5.200.v20190115-2323'>
      <properties size='1'>
        <property name='download.size' value='73514'/>
      </properties>
    </artifact>
    <artifact classifier='osgi.bundle' id='org.eclipse.e4.core.di.extensions' version='0.15.300.v20190213-1308'>
      <properties size='1'>
        <property name='download.size' value='11420'/>
      </properties>
    </artifact>
    <artifact classifier='osgi.bundle' id='org.eclipse.equinox.security' version='1.3.100.v20190215-2139'>
      <properties size='1'>
        <property name='download.size' value='113603'/>
      </properties>
    </artifact>
    <artifact classifier='osgi.bundle' id='org.eclipse.equinox.frameworkadmin' version='2.1.200.v20190215-2242'>
      <properties size='1'>
        <property name='download.size' value='36968'/>
      </properties>
    </artifact>
    <artifact classifier='osgi.bundle' id='org.eclipse.equinox.launcher.win32.win32.x86_64' version='1.1.1000.v20190125-2016'>
      <properties size='1'>
        <property name='download.size' value='77860'/>
      </properties>
      <repositoryProperties size='1'>
        <property name='artifact.folder' value='true'/>
      </repositoryProperties>
    </artifact>
    <artifact classifier='osgi.bundle' id='org.eclipse.osgi.compatibility.state' version='1.1.400.v20190208-1533'>
      <properties size='1'>
        <property name='download.size' value='244997'/>
      </properties>
    </artifact>
    <artifact classifier='osgi.bundle' id='ca.odell.glazedlists' version='1.9.0.v201303080712'>
      <properties size='1'>
        <property name='download.size' value='920248'/>
      </properties>
    </artifact>
    <artifact classifier='osgi.bundle' id='org.sat4j.pb' version='2.3.5.v201404071733'>
      <properties size='1'>
        <property name='download.size' value='241956'/>
      </properties>
    </artifact>
    <artifact classifier='osgi.bundle' id='org.eclipse.core.jobs' version='3.10.300.v20190215-2048'>
      <properties size='1'>
        <property name='download.size' value='107379'/>
      </properties>
    </artifact>
    <artifact classifier='org.eclipse.update.feature' id='org.eclipse.ecf.filetransfer.httpclient4.feature' version='3.14.4.v20181013-2146'>
      <properties size='1'>
        <property name='download.size' value='27444'/>
      </properties>
      <repositoryProperties size='1'>
        <property name='artifact.folder' value='true'/>
      </repositoryProperties>
    </artifact>
    <artifact classifier='osgi.bundle' id='org.eclipse.equinox.frameworkadmin.equinox' version='1.1.100.v20180822-1258'>
      <properties size='1'>
        <property name='download.size' value='67578'/>
      </properties>
    </artifact>
    <artifact classifier='osgi.bundle' id='org.eclipse.equinox.preferences' version='3.7.300.v20190218-2100'>
      <properties size='1'>
        <property name='download.size' value='133505'/>
      </properties>
    </artifact>
    <artifact classifier='osgi.bundle' id='org.apache.xmlgraphics' version='2.2.0.v20180809-1640'>
      <properties size='1'>
        <property name='download.size' value='696370'/>
      </properties>
    </artifact>
    <artifact classifier='osgi.bundle' id='org.eclipse.e4.ui.css.core' version='0.12.500.v20190211-2017'>
      <properties size='1'>
        <property name='download.size' value='211566'/>
      </properties>
    </artifact>
    <artifact classifier='osgi.bundle' id='org.w3c.dom.events' version='3.0.0.draft20060413_v201105210656'>
      <properties size='1'>
        <property name='download.size' value='15720'/>
      </properties>
    </artifact>
    <artifact classifier='osgi.bundle' id='org.apache.felix.gogo.shell' version='1.1.0.v20180713-1646'>
      <properties size='1'>
        <property name='download.size' value='69091'/>
      </properties>
    </artifact>
    <artifact classifier='osgi.bundle' id='org.eclipse.emf.common' version='2.15.0.v20181220-0846'>
      <properties size='1'>
        <property name='download.size' value='375988'/>
      </properties>
    </artifact>
    <artifact classifier='osgi.bundle' id='org.eclipse.equinox.security.win32.x86_64' version='1.1.100.v20180827-1235'>
      <properties size='1'>
        <property name='download.size' value='35979'/>
      </properties>
    </artifact>
    <artifact classifier='osgi.bundle' id='org.eclipse.equinox.p2.touchpoint.eclipse' version='2.2.300.v20190215-2242'>
      <properties size='1'>
        <property name='download.size' value='131731'/>
      </properties>
    </artifact>
    <artifact classifier='osgi.bundle' id='org.eclipse.ecf' version='3.9.3.v20181012-2016'>
      <properties size='1'>
        <property name='download.size' value='124304'/>
      </properties>
    </artifact>
    <artifact classifier='org.eclipse.update.feature' id='org.eclipse.ecf.filetransfer.httpclient4.ssl.feature' version='1.1.100.v20180301-0132'>
      <properties size='1'>
        <property name='download.size' value='27337'/>
      </properties>
      <repositoryProperties size='1'>
        <property name='artifact.folder' value='true'/>
      </repositoryProperties>
    </artifact>
    <artifact classifier='osgi.bundle' id='org.eclipse.equinox.p2.metadata.repository' version='1.3.100.v20180822-1302'>
      <properties size='1'>
        <property name='download.size' value='133540'/>
      </properties>
    </artifact>
    <artifact classifier='osgi.bundle' id='org.eclipse.equinox.p2.transport.ecf' version='1.2.100.v20180822-1354'>
      <properties size='1'>
        <property name='download.size' value='44271'/>
      </properties>
    </artifact>
    <artifact classifier='osgi.bundle' id='org.eclipse.nebula.widgets.nattable.core' version='1.5.0.201703192131'>
      <properties size='1'>
        <property name='download.size' value='1913115'/>
      </properties>
    </artifact>
    <artifact classifier='osgi.bundle' id='org.eclipse.equinox.p2.engine' version='2.6.200.v20190215-2242'>
      <properties size='1'>
        <property name='download.size' value='215004'/>
      </properties>
    </artifact>
    <artifact classifier='osgi.bundle' id='org.eclipse.e4.core.services' version='2.1.400.v20181215-2145'>
      <properties size='1'>
        <property name='download.size' value='57073'/>
      </properties>
    </artifact>
    <artifact classifier='osgi.bundle' id='org.eclipse.e4.ui.services' version='1.3.400.v20190212-2214'>
      <properties size='1'>
        <property name='download.size' value='25188'/>
      </properties>
    </artifact>
    <artifact classifier='osgi.bundle' id='org.eclipse.ecf.identity' version='3.9.1.v20180810-0833'>
      <properties size='1'>
        <property name='download.size' value='65145'/>
      </properties>
    </artifact>
    <artifact classifier='osgi.bundle' id='org.eclipse.jface.databinding' version='1.8.500.v20190218-2049'>
      <properties size='1'>
        <property name='download.size' value='279141'/>
      </properties>
    </artifact>
    <artifact classifier='osgi.bundle' id='org.eclipse.e4.ui.workbench.addons.swt' version='1.3.400.v20190224-1542'>
      <properties size='1'>
        <property name='download.size' value='125857'/>
      </properties>
    </artifact>
    <artifact classifier='osgi.bundle' id='org.eclipse.ecf.provider.filetransfer.httpclient4.ssl' version='1.1.100.v20180301-0132'>
      <properties size='1'>
        <property name='download.size' value='14231'/>
      </properties>
    </artifact>
    <artifact classifier='osgi.bundle' id='org.apache.httpcomponents.httpcore' version='4.4.9.v20180409-1525'>
      <properties size='1'>
        <property name='download.size' value='356275'/>
      </properties>
    </artifact>
    <artifact classifier='osgi.bundle' id='org.apache.felix.scr' version='2.1.14.v20190123-1619'>
      <properties size='1'>
        <property name='download.size' value='412632'/>
      </properties>
    </artifact>
    <artifact classifier='osgi.bundle' id='org.apache.httpcomponents.httpclient' version='4.5.5.v20180409-1525'>
      <properties size='1'>
        <property name='download.size' value='1029202'/>
      </properties>
    </artifact>
    <artifact classifier='osgi.bundle' id='org.eclipse.equinox.concurrent' version='1.1.200.v20180827-1235'>
      <properties size='1'>
        <property name='download.size' value='26583'/>
      </properties>
    </artifact>
    <artifact classifier='osgi.bundle' id='org.eclipse.equinox.registry' version='3.8.300.v20190218-2100'>
      <properties size='1'>
        <property name='download.size' value='196574'/>
      </properties>
    </artifact>
    <artifact classifier='osgi.bundle' id='org.eclipse.osgi.services' version='3.8.0.v20190206-2147'>
      <properties size='1'>
        <property name='download.size' value='128680'/>
      </properties>
    </artifact>
    <artifact classifier='osgi.bundle' id='org.w3c.dom.smil' version='1.0.1.v200903091627'>
      <properties size='1'>
        <property name='download.size' value='20106'/>
      </properties>
    </artifact>
    <artifact classifier='osgi.bundle' id='javax.inject' version='1.0.0.v20091030'>
      <properties size='1'>
        <property name='download.size' value='14411'/>
      </properties>
    </artifact>
    <artifact classifier='org.eclipse.update.feature' id='org.eclipse.ecf.filetransfer.ssl.feature' version='1.1.100.v20180301-0132'>
      <properties size='1'>
        <property name='download.size' value='23263'/>
      </properties>
      <repositoryProperties size='1'>
        <property name='artifact.folder' value='true'/>
      </repositoryProperties>
    </artifact>
    <artifact classifier='osgi.bundle' id='org.eclipse.equinox.console' version='1.3.200.v20181115-0906'>
      <properties size='1'>
        <property name='download.size' value='125325'/>
      </properties>
    </artifact>
    <artifact classifier='osgi.bundle' id='org.eclipse.equinox.p2.director' version='2.4.300.v20190215-2242'>
      <properties size='1'>
        <property name='download.size' value='109421'/>
      </properties>
    </artifact>
    <artifact classifier='osgi.bundle' id='org.eclipse.equinox.bidi' version='1.1.300.v20190218-1259'>
      <properties size='1'>
        <property name='download.size' value='49771'/>
      </properties>
    </artifact>
    <artifact classifier='org.eclipse.update.feature' id='org.eclipse.equinox.p2.core.feature' version='1.6.100.v20190218-2100'>
      <properties size='1'>
        <property name='download.size' value='20069'/>
      </properties>
      <repositoryProperties size='1'>
        <property name='artifact.folder' value='true'/>
      </repositoryProperties>
    </artifact>
    <artifact classifier='osgi.bundle' id='org.eclipse.equinox.util' version='1.1.200.v20181008-1820'>
      <properties size='1'>
        <property name='download.size' value='83351'/>
      </properties>
    </artifact>
    <artifact classifier='osgi.bundle' id='org.eclipse.e4.core.commands' version='0.12.500.v20190131-1604'>
      <properties size='1'>
        <property name='download.size' value='26064'/>
      </properties>
    </artifact>
    <artifact classifier='osgi.bundle' id='org.eclipse.e4.core.di.annotations' version='1.6.300.v20190214-1713'>
      <properties size='1'>
        <property name='download.size' value='12266'/>
      </properties>
    </artifact>
    <artifact classifier='osgi.bundle' id='org.eclipse.nebula.widgets.nattable.extension.glazedlists' version='1.5.0.201703192131'>
      <properties size='1'>
        <property name='download.size' value='134515'/>
      </properties>
    </artifact>
    <artifact classifier='osgi.bundle' id='org.eclipse.e4.core.di.extensions.supplier' version='0.15.200.v20180817-1215'>
      <properties size='1'>
        <property name='download.size' value='35357'/>
      </properties>
    </artifact>
    <artifact classifier='osgi.bundle' id='org.apache.commons.codec' version='1.10.0.v20180409-1845'>
      <properties size='1'>
        <property name='download.size' value='312034'/>
      </properties>
    </artifact>
    <artifact classifier='osgi.bundle' id='org.eclipse.e4.ui.di' version='1.2.500.v20190214-1316'>
      <properties size='1'>
        <property name='download.size' value='17585'/>
      </properties>
    </artifact>
    <artifact classifier='osgi.bundle' id='org.eclipse.equinox.p2.artifact.repository' version='1.3.0.v20190212-1235'>
      <properties size='1'>
        <property name='download.size' value='156931'/>
      </properties>
    </artifact>
    <artifact classifier='osgi.bundle' id='org.eclipse.core.expressions' version='3.6.300.v20190218-1215'>
      <properties size='1'>
        <property name='download.size' value='94194'/>
      </properties>
    </artifact>
    <artifact classifier='osgi.bundle' id='org.eclipse.swt' version='3.110.0.v20190305-0602'>
      <properties size='1'>
        <property name='download.size' value='17336'/>
      </properties>
    </artifact>
    <artifact classifier='osgi.bundle' id='org.eclipse.e4.ui.workbench3' version='0.15.0.v20181213-1706'>
      <properties size='1'>
        <property name='download.size' value='21332'/>
      </properties>
    </artifact>
    <artifact classifier='osgi.bundle' id='org.eclipse.core.contenttype' version='3.7.300.v20190215-2048'>
      <properties size='1'>
        <property name='download.size' value='105591'/>
      </properties>
    </artifact>
    <artifact classifier='osgi.bundle' id='org.w3c.css.sac' version='1.3.1.v200903091627'>
      <properties size='1'>
        <property name='download.size' value='36448'/>
      </properties>
    </artifact>
    <artifact classifier='org.eclipse.update.feature' id='com.sec.aronia.feature' version='1.0.0.202104130600'>
      <properties size='1'>
        <property name='download.size' value='716'/>
      </properties>
      <repositoryProperties size='1'>
        <property name='artifact.folder' value='true'/>
      </repositoryProperties>
    </artifact>
    <artifact classifier='osgi.bundle' id='org.eclipse.emf.ecore.xmi' version='2.15.0.v20180706-1146'>
      <properties size='1'>
        <property name='download.size' value='235234'/>
      </properties>
    </artifact>
    <artifact classifier='osgi.bundle' id='org.eclipse.equinox.launcher' version='1.5.300.v20190213-1655'>
      <properties size='1'>
        <property name='download.size' value='53223'/>
      </properties>
    </artifact>
    <artifact classifier='osgi.bundle' id='org.eclipse.core.runtime' version='3.15.200.v20190301-1641'>
      <properties size='1'>
        <property name='download.size' value='74408'/>
      </properties>
    </artifact>
    <artifact classifier='osgi.bundle' id='org.eclipse.ecf.provider.filetransfer' version='3.2.400.v20180306-0429'>
      <properties size='1'>
        <property name='download.size' value='129432'/>
      </properties>
    </artifact>
    <artifact classifier='osgi.bundle' id='org.eclipse.emf.ecore.change' version='2.13.0.v20180706-1146'>
      <properties size='1'>
        <property name='download.size' value='103026'/>
      </properties>
    </artifact>
    <artifact classifier='osgi.bundle' id='org.apache.felix.gogo.runtime' version='1.1.0.v20180713-1646'>
      <properties size='1'>
        <property name='download.size' value='208743'/>
      </properties>
    </artifact>
    <artifact classifier='osgi.bundle' id='org.eclipse.core.databinding.observable' version='1.6.400.v20190218-2049'>
      <properties size='1'>
        <property name='download.size' value='315300'/>
      </properties>
    </artifact>
    <artifact classifier='osgi.bundle' id='org.eclipse.e4.core.di' version='1.7.100.v20180817-1215'>
      <properties size='1'>
        <property name='download.size' value='52884'/>
      </properties>
    </artifact>
    <artifact classifier='org.eclipse.update.feature' id='org.eclipse.emf.common' version='2.15.0.v20181220-0846'>
      <properties size='1'>
        <property name='download.size' value='19520'/>
      </properties>
      <repositoryProperties size='1'>
        <property name='artifact.folder' value='true'/>
      </repositoryProperties>
    </artifact>
    <artifact classifier='osgi.bundle' id='org.eclipse.e4.ui.workbench' version='1.9.0.v20190220-1356'>
      <properties size='1'>
        <property name='download.size' value='260508'/>
      </properties>
    </artifact>
    <artifact classifier='osgi.bundle' id='org.eclipse.e4.emf.xpath' version='0.2.200.v20180828-0227'>
      <properties size='1'>
        <property name='download.size' value='49567'/>
      </properties>
    </artifact>
    <artifact classifier='osgi.bundle' id='org.eclipse.emf.ecore' version='2.17.0.v20190116-0940'>
      <properties size='1'>
        <property name='download.size' value='1414074'/>
      </properties>
    </artifact>
    <artifact classifier='osgi.bundle' id='org.eclipse.equinox.simpleconfigurator' version='1.3.200.v20181101-1115'>
      <properties size='1'>
        <property name='download.size' value='46189'/>
      </properties>
    </artifact>
    <artifact classifier='osgi.bundle' id='org.apache.batik.css' version='1.10.0.v20180703-1553'>
      <properties size='1'>
        <property name='download.size' value='360158'/>
      </properties>
    </artifact>
    <artifact classifier='osgi.bundle' id='org.eclipse.e4.ui.css.swt' version='0.13.400.v20190223-1254'>
      <properties size='1'>
        <property name='download.size' value='256622'/>
      </properties>
    </artifact>
  </artifacts>
</repository>
